company,source_url,source_hint
AblyPro,https://fieldserviceusa.wbresearch.com/,img alt
Appify,https://fieldserviceusa.wbresearch.com/,img alt
Aquant,https://fieldserviceusa.wbresearch.com/,img alt
Dezide,https://fieldserviceusa.wbresearch.com/,img alt
Enterbridge,https://fieldserviceusa.wbresearch.com/,img alt
FSN Connect,https://fieldserviceusa.wbresearch.com/,img alt
FSN East,https://fieldserviceusa.wbresearch.com/,img alt
FSN Europe,https://fieldserviceusa.wbresearch.com/,img alt
FSN Medical,https://fieldserviceusa.wbresearch.com/,img alt
Geotab,https://fieldserviceusa.wbresearch.com/,img alt
GoFormz,https://fieldserviceusa.wbresearch.com/,img alt
Gomocha,https://fieldserviceusa.wbresearch.com/,img alt
IFS,https://fieldserviceusa.wbresearch.com/,img alt
Ludia Consulting,https://fieldserviceusa.wbresearch.com/,img alt
Lytx,https://fieldserviceusa.wbresearch.com/,img alt
Neuron7,https://fieldserviceusa.wbresearch.com/,img alt
Oracle,https://fieldserviceusa.wbresearch.com/,img alt
PTC,https://fieldserviceusa.wbresearch.com/,img alt
Panasonic Corporation,https://fieldserviceusa.wbresearch.com/,img alt
Praxedo,https://fieldserviceusa.wbresearch.com/,img alt
RSM,https://fieldserviceusa.wbresearch.com/,img alt
SAP,https://fieldserviceusa.wbresearch.com/,img alt
Salesforce,https://fieldserviceusa.wbresearch.com/,img alt
Service 800,https://fieldserviceusa.wbresearch.com/,img alt
ServiceNow,https://fieldserviceusa.wbresearch.com/,img alt
SightCall,https://fieldserviceusa.wbresearch.com/,img alt
Skyllful,https://fieldserviceusa.wbresearch.com/,img alt
Tavant,https://fieldserviceusa.wbresearch.com/,img alt
Timefold,https://fieldserviceusa.wbresearch.com/,img alt
TrueContext,https://fieldserviceusa.wbresearch.com/,img alt
quickbase,https://fieldserviceusa.wbresearch.com/,img alt
